{"data":[{"colorbar":{"title":{"text":"K\u003csub\u003e0,oc\u003c\u002fsub\u003e"}},"contours":{"end":1,"showlabels":true,"size":0.02,"start":0},"x":[0.0,0.11224489795918367,0.22448979591836735,0.336734693877551,0.4489795918367347,0.5612244897959183,0.673469387755102,0.7857142857142857,0.8979591836734694,1.010204081632653,1.1224489795918366,1.2346938775510203,1.346938775510204,1.4591836734693877,1.5714285714285714,1.683673469387755,1.7959183673469388,1.9081632653061225,2.020408163265306,2.13265306122449,2.2448979591836733,2.357142857142857,2.4693877551020407,2.5816326530612246,2.693877551020408,2.806122448979592,2.9183673469387754,3.0306122448979593,3.142857142857143,3.2551020408163267,3.36734693877551,3.479591836734694,3.5918367346938775,3.704081632653061,3.816326530612245,3.9285714285714284,4.040816326530612,4.153061224489796,4.26530612244898,4.377551020408164,4.489795918367347,4.6020408163265305,4.714285714285714,4.826530612244898,4.938775510204081,5.051020408163265,5.163265306122449,5.275510204081633,5.387755102040816,5.5],"y":[0.0,0.9183673469387755,1.836734693877551,2.7551020408163267,3.673469387755102,4.591836734693878,5.510204081632653,6.428571428571429,7.346938775510204,8.26530612244898,9.183673469387756,10.10204081632653,11.020408163265307,11.938775510204081,12.857142857142858,13.775510204081632,14.693877551020408,15.612244897959185,16.53061224489796,17.448979591836736,18.367346938775512,19.285714285714285,20.20408163265306,21.122448979591837,22.040816326530614,22.95918367346939,23.877551020408163,24.79591836734694,25.714285714285715,26.63265306122449,27.551020408163264,28.46938775510204,29.387755102040817,30.306122448979593,31.22448979591837,32.142857142857146,33.06122448979592,33.97959183673469,34.89795918367347,35.816326530612244,36.734693877551024,37.6530612244898,38.57142857142857,39.48979591836735,40.40816326530612,41.3265306122449,42.244897959183675,43.16326530612245,44.08163265306123,45.0],"z":[0.3333333333333333,0.40636422118436827,0.47579794517098895,0.5416372780742569,0.6038868400086594,0.6625530966416143,0.7176443567016293,0.7691707687759723,0.817144317398947,0.861578818432114,0.9024899137380437,0.93989506514942,0.9738135477355664,1.0042664423687,1.0312766275924583,1.0548687707954896,1.0750693186931295,1.0919064871204283,1.105410250140023,1.1156123284685964,1.1225461772258856,1.1262469730104396,1.126751600306567,1.1240986372271267,1.11832834059706,1.109482630382777,1.0976050734727418,1.0827408668148326,1.064936819916246,1.0442413367119743,1.0207043968080718,0.9943775361061536,0.9653138268157878,0.9335678568616451,0.8991957086924861,0.8622549374992724,0.8228045488498916,0.7809049757481827,0.7366180551251675,0.690007003770571,0.6411363937129078,0.5900721270566367,0.5368814102850183,0.4816327280375581,0.42439581637105905,0.36524163551349753,0.3042423421201399,0.2414712610414429,0.1770028566125088,0.1109127034739883],"type":"contour"}],"layout":{"template":{"data":{"barpolar":[{"marker":{"line":{"color":"white","width":0.5},"pattern":{"fillmode":"overlay","size":10,"solidity":0.2}},"type":"barpolar"}],"bar":[{"error_x":{"color":"rgb(36,36,36)"},"error_y":{"color":"rgb(36,36,36)"},"marker":{"line":{"color":"white","width":0.5},"pattern":{"fillmode":"overlay","size":10,"solidity":0.2}},"type":"bar"}],"carpet":[{"aaxis":{"endlinecolor":"rgb(36,36,36)","gridcolor":"white","linecolor":"white","minorgridcolor":"white","startlinecolor":"rgb(36,36,36)"},"baxis":{"endlinecolor":"rgb(36,36,36)","gridcolor":"white","linecolor":"white","minorgridcolor":"white","startlinecolor":"rgb(36,36,36)"},"type":"carpet"}],"choropleth":[{"colorbar":{"outlinewidth":1,"tickcolor":"rgb(36,36,36)","ticks":"outside"},"type":"choropleth"}],"contourcarpet":[{"colorbar":{"outlinewidth":1,"tickcolor":"rgb(36,36,36)","ticks":"outside"},"type":"contourcarpet"}],"contour":[{"colorbar":{"outlinewidth":1,"tickcolor":"rgb(36,36,36)","ticks":"outside"},"colorscale":[[0.0,"#440154"],[0.1111111111111111,"#482878"],[0.2222222222222222,"#3e4989"],[0.3333333333333333,"#31688e"],[0.4444444444444444,"#26828e"],[0.5555555555555556,"#1f9e89"],[0.6666666666666666,"#35b779"],[0.7777777777777778,"#6ece58"],[0.8888888888888888,"#b5de2b"],[1.0,"#fde725"]],"type":"contour"}],"heatmapgl":[{"colorbar":{"outlinewidth":1,"tickcolor":"rgb(36,36,36)","ticks":"outside"},"colorscale":[[0.0,"#440154"],[0.1111111111111111,"#482878"],[0.2222222222222222,"#3e4989"],[0.3333333333333333,"#31688e"],[0.4444444444444444,"#26828e"],[0.5555555555555556,"#1f9e89"],[0.6666666666666666,"#35b779"],[0.7777777777777778,"#6ece58"],[0.8888888888888888,"#b5de2b"],[1.0,"#fde725"]],"type":"heatmapgl"}],"heatmap":[{"colorbar":{"outlinewidth":1,"tickcolor":"rgb(36,36,36)","ticks":"outside"},"colorscale":[[0.0,"#440154"],[0.1111111111111111,"#482878"],[0.2222222222222222,"#3e4989"],[0.3333333333333333,"#31688e"],[0.4444444444444444,"#26828e"],[0.5555555555555556,"#1f9e89"],[0.6666666666666666,"#35b779"],[0.7777777777777778,"#6ece58"],[0.8888888888888888,"#b5de2b"],[1.0,"#fde725"]],"type":"heatmap"}],"histogram2dcontour":[{"colorbar":{"outlinewidth":1,"tickcolor":"rgb(36,36,36)","ticks":"outside"},"colorscale":[[0.0,"#440154"],[0.1111111111111111,"#482878"],[0.2222222222222222,"#3e4989"],[0.3333333333333333,"#31688e"],[0.4444444444444444,"#26828e"],[0.5555555555555556,"#1f9e89"],[0.6666666666666666,"#35b779"],[0.7777777777777778,"#6ece58"],[0.8888888888888888,"#b5de2b"],[1.0,"#fde725"]],"type":"histogram2dcontour"}],"histogram2d":[{"colorbar":{"outlinewidth":1,"tickcolor":"rgb(36,36,36)","ticks":"outside"},"colorscale":[[0.0,"#440154"],[0.1111111111111111,"#482878"],[0.2222222222222222,"#3e4989"],[0.3333333333333333,"#31688e"],[0.4444444444444444,"#26828e"],[0.5555555555555556,"#1f9e89"],[0.6666666666666666,"#35b779"],[0.7777777777777778,"#6ece58"],[0.8888888888888888,"#b5de2b"],[1.0,"#fde725"]],"type":"histogram2d"}],"histogram":[{"marker":{"line":{"color":"white","width":0.6}},"type":"histogram"}],"mesh3d":[{"colorbar":{"outlinewidth":1,"tickcolor":"rgb(36,36,36)","ticks":"outside"},"type":"mesh3d"}],"parcoords":[{"line":{"colorbar":{"outlinewidth":1,"tickcolor":"rgb(36,36,36)","ticks":"outside"}},"type":"parcoords"}],"pie":[{"automargin":true,"type":"pie"}],"scatter3d":[{"line":{"colorbar":{"outlinewidth":1,"tickcolor":"rgb(36,36,36)","ticks":"outside"}},"marker":{"colorbar":{"outlinewidth":1,"tickcolor":"rgb(36,36,36)","ticks":"outside"}},"type":"scatter3d"}],"scattercarpet":[{"marker":{"colorbar":{"outlinewidth":1,"tickcolor":"rgb(36,36,36)","ticks":"outside"}},"type":"scattercarpet"}],"scattergeo":[{"marker":{"colorbar":{"outlinewidth":1,"tickcolor":"rgb(36,36,36)","ticks":"outside"}},"type":"scattergeo"}],"scattergl":[{"marker":{"colorbar":{"outlinewidth":1,"tickcolor":"rgb(36,36,36)","ticks":"outside"}},"type":"scattergl"}],"scattermapbox":[{"marker":{"colorbar":{"outlinewidth":1,"tickcolor":"rgb(36,36,36)","ticks":"outside"}},"type":"scattermapbox"}],"scatterpolargl":[{"marker":{"colorbar":{"outlinewidth":1,"tickcolor":"rgb(36,36,36)","ticks":"outside"}},"type":"scatterpolargl"}],"scatterpolar":[{"marker":{"colorbar":{"outlinewidth":1,"tickcolor":"rgb(36,36,36)","ticks":"outside"}},"type":"scatterpolar"}],"scatter":[{"fillpattern":{"fillmode":"overlay","size":10,"solidity":0.2},"type":"scatter"}],"scatterternary":[{"marker":{"colorbar":{"outlinewidth":1,"tickcolor":"rgb(36,36,36)","ticks":"outside"}},"type":"scatterternary"}],"surface":[{"colorbar":{"outlinewidth":1,"tickcolor":"rgb(36,36,36)","ticks":"outside"},"colorscale":[[0.0,"#440154"],[0.1111111111111111,"#482878"],[0.2222222222222222,"#3e4989"],[0.3333333333333333,"#31688e"],[0.4444444444444444,"#26828e"],[0.5555555555555556,"#1f9e89"],[0.6666666666666666,"#35b779"],[0.7777777777777778,"#6ece58"],[0.8888888888888888,"#b5de2b"],[1.0,"#fde725"]],"type":"surface"}],"table":[{"cells":{"fill":{"color":"rgb(237,237,237)"},"line":{"color":"white"}},"header":{"fill":{"color":"rgb(217,217,217)"},"line":{"color":"white"}},"type":"table"}]},